parent_id,child_id,jaccard_similarity
4,8,0.8181818181818182
3,3,1.0
4,7,0.0
5,10,1.0
4,4,0.0
2,2,1.0
4,6,0.0
4,9,0.05555555555555555
1,1,1.0
4,5,0.0
7,12,1.0
8,13,1.0
6,11,1.0
9,14,1.0
10,15,1.0
