parent_id,child_id,jaccard_similarity
10,22,0.1111111111111111
3,7,0.0
10,24,0.1111111111111111
9,21,1.0
1,2,0.25
4,9,0.8181818181818182
3,5,0.17647058823529413
3,4,0.25
2,3,0.8181818181818182
10,25,0.6666666666666666
3,6,0.25
5,11,0.3333333333333333
3,8,0.0
6,13,1.0
10,23,0.0
8,20,0.8181818181818182
1,1,0.42857142857142855
6,14,0.0
7,16,0.05263157894736842
7,15,0.5384615384615384
8,19,0.1111111111111111
8,18,0.0
5,12,0.3333333333333333
8,17,0.0
4,10,0.058823529411764705
