parent_id,child_id,jaccard_similarity
2,4,1.0
2,3,0.05263157894736842
2,5,0.0
2,2,0.05263157894736842
1,1,1.0
2,7,0.058823529411764705
3,8,1.0
2,6,0.07142857142857142
4,9,1.0
5,10,1.0
